{
  "version": "2026-01",
  "last_updated": "2026-01-05T10:30:00Z",
  "total_departments": 101,
  "departements": {
    "01": {
      "code": "01",
      "nom": "Ain",
      "region": "Auvergne-Rhône-Alpes",
      "taux": 0.0128,
      "montant_moyen": 650,
      "base_locative": 32000,
      "territoire": "mixte",
      "prix_m2": 3200
    },
    "02": {
      "code": "02",
      "nom": "Aisne",
      "region": "Hauts-de-France",
      "taux": 0.0145,
      "montant_moyen": 580,
      "base_locative": 26000,
      "territoire": "rural",
      "prix_m2": 1800
    },
    "03": {
      "code": "03",
      "nom": "Allier",
      "region": "Auvergne-Rhône-Alpes",
      "taux": 0.013,
      "montant_moyen": 520,
      "base_locative": 24000,
      "territoire": "rural",
      "prix_m2": 1600
    },
    "04": {
      "code": "04",
      "nom": "Alpes-de-Haute-Provence",
      "region": "Provence-Alpes-Côte d'Azur",
      "taux": 0.014,
      "montant_moyen": 720,
      "base_locative": 30000,
      "territoire": "rural",
      "prix_m2": 2800
    },
    "05": {
      "code": "05",
      "nom": "Hautes-Alpes",
      "region": "Provence-Alpes-Côte d'Azur",
      "taux": 0.0138,
      "montant_moyen": 680,
      "base_locative": 29000,
      "territoire": "rural",
      "prix_m2": 3200
    },
    "06": {
      "code": "06",
      "nom": "Alpes-Maritimes",
      "region": "Provence-Alpes-Côte d'Azur",
      "taux": 0.015,
      "montant_moyen": 1100,
      "base_locative": 38000,
      "territoire": "urbain",
      "prix_m2": 6500
    },
    "07": {
      "code": "07",
      "nom": "Ardèche",
      "region": "Auvergne-Rhône-Alpes",
      "taux": 0.0132,
      "montant_moyen": 580,
      "base_locative": 25000,
      "territoire": "rural",
      "prix_m2": 2400
    },
    "08": {
      "code": "08",
      "nom": "Ardennes",
      "region": "Grand Est",
      "taux": 0.0128,
      "montant_moyen": 450,
      "base_locative": 22000,
      "territoire": "rural",
      "prix_m2": 1400
    },
    "09": {
      "code": "09",
      "nom": "Ariège",
      "region": "Occitanie",
      "taux": 0.0142,
      "montant_moyen": 580,
      "base_locative": 24000,
      "territoire": "rural",
      "prix_m2": 1900
    },
    "10": {
      "code": "10",
      "nom": "Aube",
      "region": "Grand Est",
      "taux": 0.013,
      "montant_moyen": 490,
      "base_locative": 23000,
      "territoire": "mixte",
      "prix_m2": 1700
    },
    "11": {
      "code": "11",
      "nom": "Aude",
      "region": "Occitanie",
      "taux": 0.014,
      "montant_moyen": 620,
      "base_locative": 27000,
      "territoire": "rural",
      "prix_m2": 2300
    },
    "12": {
      "code": "12",
      "nom": "Aveyron",
      "region": "Occitanie",
      "taux": 0.0138,
      "montant_moyen": 560,
      "base_locative": 24000,
      "territoire": "rural",
      "prix_m2": 1800
    },
    "13": {
      "code": "13",
      "nom": "Bouches-du-Rhône",
      "region": "Provence-Alpes-Côte d'Azur",
      "taux": 0.0142,
      "montant_moyen": 950,
      "base_locative": 38000,
      "territoire": "urbain",
      "prix_m2": 5800
    },
    "14": {
      "code": "14",
      "nom": "Calvados",
      "region": "Normandie",
      "taux": 0.0135,
      "montant_moyen": 680,
      "base_locative": 28000,
      "territoire": "mixte",
      "prix_m2": 3200
    },
    "15": {
      "code": "15",
      "nom": "Cantal",
      "region": "Auvergne-Rhône-Alpes",
      "taux": 0.013,
      "montant_moyen": 480,
      "base_locative": 22000,
      "territoire": "rural",
      "prix_m2": 1500
    },
    "16": {
      "code": "16",
      "nom": "Charente",
      "region": "Nouvelle-Aquitaine",
      "taux": 0.0138,
      "montant_moyen": 620,
      "base_locative": 26000,
      "territoire": "rural",
      "prix_m2": 2200
    },
    "17": {
      "code": "17",
      "nom": "Charente-Maritime",
      "region": "Nouvelle-Aquitaine",
      "taux": 0.014,
      "montant_moyen": 700,
      "base_locative": 29000,
      "territoire": "mixte",
      "prix_m2": 3800
    },
    "18": {
      "code": "18",
      "nom": "Cher",
      "region": "Centre-Val de Loire",
      "taux": 0.0145,
      "montant_moyen": 640,
      "base_locative": 26000,
      "territoire": "rural",
      "prix_m2": 1900
    },
    "19": {
      "code": "19",
      "nom": "Corrèze",
      "region": "Nouvelle-Aquitaine",
      "taux": 0.0135,
      "montant_moyen": 560,
      "base_locative": 24000,
      "territoire": "rural",
      "prix_m2": 1800
    },
    "21": {
      "code": "21",
      "nom": "Côte-d'Or",
      "region": "Bourgogne-Franche-Comté",
      "taux": 0.0142,
      "montant_moyen": 720,
      "base_locative": 28000,
      "territoire": "mixte",
      "prix_m2": 2800
    },
    "22": {
      "code": "22",
      "nom": "Côtes-d'Armor",
      "region": "Bretagne",
      "taux": 0.014,
      "montant_moyen": 680,
      "base_locative": 27000,
      "territoire": "rural",
      "prix_m2": 3200
    },
    "23": {
      "code": "23",
      "nom": "Creuse",
      "region": "Nouvelle-Aquitaine",
      "taux": 0.012,
      "montant_moyen": 420,
      "base_locative": 20000,
      "territoire": "rural",
      "prix_m2": 1200
    },
    "24": {
      "code": "24",
      "nom": "Dordogne",
      "region": "Nouvelle-Aquitaine",
      "taux": 0.0138,
      "montant_moyen": 620,
      "base_locative": 26000,
      "territoire": "rural",
      "prix_m2": 2400
    },
    "25": {
      "code": "25",
      "nom": "Doubs",
      "region": "Bourgogne-Franche-Comté",
      "taux": 0.014,
      "montant_moyen": 700,
      "base_locative": 28000,
      "territoire": "mixte",
      "prix_m2": 2800
    },
    "26": {
      "code": "26",
      "nom": "Drôme",
      "region": "Auvergne-Rhône-Alpes",
      "taux": 0.0135,
      "montant_moyen": 640,
      "base_locative": 27000,
      "territoire": "mixte",
      "prix_m2": 2900
    },
    "27": {
      "code": "27",
      "nom": "Eure",
      "region": "Normandie",
      "taux": 0.0132,
      "montant_moyen": 620,
      "base_locative": 27000,
      "territoire": "mixte",
      "prix_m2": 3000
    },
    "28": {
      "code": "28",
      "nom": "Eure-et-Loir",
      "region": "Centre-Val de Loire",
      "taux": 0.0138,
      "montant_moyen": 620,
      "base_locative": 26000,
      "territoire": "rural",
      "prix_m2": 2400
    },
    "29": {
      "code": "29",
      "nom": "Finistère",
      "region": "Bretagne",
      "taux": 0.0142,
      "montant_moyen": 720,
      "base_locative": 28000,
      "territoire": "mixte",
      "prix_m2": 3400
    },
    "30": {
      "code": "30",
      "nom": "Gard",
      "region": "Occitanie",
      "taux": 0.014,
      "montant_moyen": 720,
      "base_locative": 28000,
      "territoire": "mixte",
      "prix_m2": 3200
    },
    "31": {
      "code": "31",
      "nom": "Haute-Garonne",
      "region": "Occitanie",
      "taux": 0.0148,
      "montant_moyen": 850,
      "base_locative": 32000,
      "territoire": "urbain",
      "prix_m2": 4200
    },
    "32": {
      "code": "32",
      "nom": "Gers",
      "region": "Occitanie",
      "taux": 0.0135,
      "montant_moyen": 560,
      "base_locative": 24000,
      "territoire": "rural",
      "prix_m2": 2000
    },
    "33": {
      "code": "33",
      "nom": "Gironde",
      "region": "Nouvelle-Aquitaine",
      "taux": 0.014,
      "montant_moyen": 780,
      "base_locative": 30000,
      "territoire": "urbain",
      "prix_m2": 4000
    },
    "34": {
      "code": "34",
      "nom": "Hérault",
      "region": "Occitanie",
      "taux": 0.0142,
      "montant_moyen": 800,
      "base_locative": 31000,
      "territoire": "urbain",
      "prix_m2": 4200
    },
    "35": {
      "code": "35",
      "nom": "Ille-et-Vilaine",
      "region": "Bretagne",
      "taux": 0.0142,
      "montant_moyen": 760,
      "base_locative": 29000,
      "territoire": "urbain",
      "prix_m2": 3800
    },
    "36": {
      "code": "36",
      "nom": "Indre",
      "region": "Centre-Val de Loire",
      "taux": 0.013,
      "montant_moyen": 500,
      "base_locative": 23000,
      "territoire": "rural",
      "prix_m2": 1600
    },
    "37": {
      "code": "37",
      "nom": "Indre-et-Loire",
      "region": "Centre-Val de Loire",
      "taux": 0.0138,
      "montant_moyen": 650,
      "base_locative": 27000,
      "territoire": "mixte",
      "prix_m2": 2800
    },
    "38": {
      "code": "38",
      "nom": "Isère",
      "region": "Auvergne-Rhône-Alpes",
      "taux": 0.0128,
      "montant_moyen": 720,
      "base_locative": 32000,
      "territoire": "urbain",
      "prix_m2": 4000
    },
    "39": {
      "code": "39",
      "nom": "Jura",
      "region": "Bourgogne-Franche-Comté",
      "taux": 0.0138,
      "montant_moyen": 620,
      "base_locative": 26000,
      "territoire": "rural",
      "prix_m2": 2300
    },
    "40": {
      "code": "40",
      "nom": "Landes",
      "region": "Nouvelle-Aquitaine",
      "taux": 0.0135,
      "montant_moyen": 620,
      "base_locative": 26000,
      "territoire": "rural",
      "prix_m2": 2600
    },
    "41": {
      "code": "41",
      "nom": "Loir-et-Cher",
      "region": "Centre-Val de Loire",
      "taux": 0.014,
      "montant_moyen": 620,
      "base_locative": 26000,
      "territoire": "rural",
      "prix_m2": 2200
    },
    "42": {
      "code": "42",
      "nom": "Loire",
      "region": "Auvergne-Rhône-Alpes",
      "taux": 0.013,
      "montant_moyen": 650,
      "base_locative": 28000,
      "territoire": "mixte",
      "prix_m2": 2900
    },
    "43": {
      "code": "43",
      "nom": "Haute-Loire",
      "region": "Auvergne-Rhône-Alpes",
      "taux": 0.0128,
      "montant_moyen": 560,
      "base_locative": 25000,
      "territoire": "rural",
      "prix_m2": 2000
    },
    "44": {
      "code": "44",
      "nom": "Loire-Atlantique",
      "region": "Pays de la Loire",
      "taux": 0.0138,
      "montant_moyen": 780,
      "base_locative": 31000,
      "territoire": "urbain",
      "prix_m2": 4200
    },
    "45": {
      "code": "45",
      "nom": "Loiret",
      "region": "Centre-Val de Loire",
      "taux": 0.0135,
      "montant_moyen": 600,
      "base_locative": 26000,
      "territoire": "mixte",
      "prix_m2": 2600
    },
    "46": {
      "code": "46",
      "nom": "Lot",
      "region": "Occitanie",
      "taux": 0.0135,
      "montant_moyen": 560,
      "base_locative": 24000,
      "territoire": "rural",
      "prix_m2": 2100
    },
    "47": {
      "code": "47",
      "nom": "Lot-et-Garonne",
      "region": "Nouvelle-Aquitaine",
      "taux": 0.0138,
      "montant_moyen": 620,
      "base_locative": 26000,
      "territoire": "rural",
      "prix_m2": 2300
    },
    "48": {
      "code": "48",
      "nom": "Lozère",
      "region": "Occitanie",
      "taux": 0.0132,
      "montant_moyen": 480,
      "base_locative": 22000,
      "territoire": "rural",
      "prix_m2": 1600
    },
    "49": {
      "code": "49",
      "nom": "Maine-et-Loire",
      "region": "Pays de la Loire",
      "taux": 0.0138,
      "montant_moyen": 680,
      "base_locative": 28000,
      "territoire": "mixte",
      "prix_m2": 3000
    },
    "50": {
      "code": "50",
      "nom": "Manche",
      "region": "Normandie",
      "taux": 0.0135,
      "montant_moyen": 640,
      "base_locative": 27000,
      "territoire": "rural",
      "prix_m2": 2800
    },
    "51": {
      "code": "51",
      "nom": "Marne",
      "region": "Grand Est",
      "taux": 0.0128,
      "montant_moyen": 560,
      "base_locative": 25000,
      "territoire": "mixte",
      "prix_m2": 2400
    },
    "52": {
      "code": "52",
      "nom": "Haute-Marne",
      "region": "Grand Est",
      "taux": 0.0125,
      "montant_moyen": 480,
      "base_locative": 22000,
      "territoire": "rural",
      "prix_m2": 1500
    },
    "53": {
      "code": "53",
      "nom": "Mayenne",
      "region": "Pays de la Loire",
      "taux": 0.0138,
      "montant_moyen": 640,
      "base_locative": 27000,
      "territoire": "rural",
      "prix_m2": 2600
    },
    "54": {
      "code": "54",
      "nom": "Meurthe-et-Moselle",
      "region": "Grand Est",
      "taux": 0.0132,
      "montant_moyen": 620,
      "base_locative": 27000,
      "territoire": "urbain",
      "prix_m2": 2800
    },
    "55": {
      "code": "55",
      "nom": "Meuse",
      "region": "Grand Est",
      "taux": 0.0128,
      "montant_moyen": 520,
      "base_locative": 24000,
      "territoire": "rural",
      "prix_m2": 1800
    },
    "56": {
      "code": "56",
      "nom": "Morbihan",
      "region": "Bretagne",
      "taux": 0.014,
      "montant_moyen": 720,
      "base_locative": 28000,
      "territoire": "mixte",
      "prix_m2": 3200
    },
    "57": {
      "code": "57",
      "nom": "Moselle",
      "region": "Grand Est",
      "taux": 0.013,
      "montant_moyen": 600,
      "base_locative": 26000,
      "territoire": "urbain",
      "prix_m2": 2700
    },
    "58": {
      "code": "58",
      "nom": "Nièvre",
      "region": "Bourgogne-Franche-Comté",
      "taux": 0.0132,
      "montant_moyen": 560,
      "base_locative": 25000,
      "territoire": "rural",
      "prix_m2": 1900
    },
    "59": {
      "code": "59",
      "nom": "Nord",
      "region": "Hauts-de-France",
      "taux": 0.0145,
      "montant_moyen": 720,
      "base_locative": 28000,
      "territoire": "urbain",
      "prix_m2": 2800
    },
    "60": {
      "code": "60",
      "nom": "Oise",
      "region": "Hauts-de-France",
      "taux": 0.014,
      "montant_moyen": 680,
      "base_locative": 28000,
      "territoire": "mixte",
      "prix_m2": 3200
    },
    "61": {
      "code": "61",
      "nom": "Orne",
      "region": "Normandie",
      "taux": 0.0132,
      "montant_moyen": 600,
      "base_locative": 27000,
      "territoire": "rural",
      "prix_m2": 2600
    },
    "62": {
      "code": "62",
      "nom": "Pas-de-Calais",
      "region": "Hauts-de-France",
      "taux": 0.0142,
      "montant_moyen": 680,
      "base_locative": 27000,
      "territoire": "urbain",
      "prix_m2": 2600
    },
    "63": {
      "code": "63",
      "nom": "Puy-de-Dôme",
      "region": "Auvergne-Rhône-Alpes",
      "taux": 0.013,
      "montant_moyen": 620,
      "base_locative": 27000,
      "territoire": "urbain",
      "prix_m2": 2800
    },
    "64": {
      "code": "64",
      "nom": "Pyrénées-Atlantiques",
      "region": "Nouvelle-Aquitaine",
      "taux": 0.0142,
      "montant_moyen": 780,
      "base_locative": 30000,
      "territoire": "urbain",
      "prix_m2": 4000
    },
    "65": {
      "code": "65",
      "nom": "Hautes-Pyrénées",
      "region": "Occitanie",
      "taux": 0.0138,
      "montant_moyen": 660,
      "base_locative": 28000,
      "territoire": "mixte",
      "prix_m2": 2900
    },
    "66": {
      "code": "66",
      "nom": "Pyrénées-Orientales",
      "region": "Occitanie",
      "taux": 0.014,
      "montant_moyen": 740,
      "base_locative": 29000,
      "territoire": "urbain",
      "prix_m2": 3600
    },
    "67": {
      "code": "67",
      "nom": "Bas-Rhin",
      "region": "Grand Est",
      "taux": 0.0128,
      "montant_moyen": 620,
      "base_locative": 28000,
      "territoire": "urbain",
      "prix_m2": 3200
    },
    "68": {
      "code": "68",
      "nom": "Haut-Rhin",
      "region": "Grand Est",
      "taux": 0.013,
      "montant_moyen": 640,
      "base_locative": 28000,
      "territoire": "urbain",
      "prix_m2": 3200
    },
    "69": {
      "code": "69",
      "nom": "Rhône",
      "region": "Auvergne-Rhône-Alpes",
      "taux": 0.0128,
      "montant_moyen": 680,
      "base_locative": 32000,
      "territoire": "urbain",
      "prix_m2": 5200
    },
    "70": {
      "code": "70",
      "nom": "Haute-Saône",
      "region": "Bourgogne-Franche-Comté",
      "taux": 0.0132,
      "montant_moyen": 560,
      "base_locative": 25000,
      "territoire": "rural",
      "prix_m2": 1900
    },
    "71": {
      "code": "71",
      "nom": "Saône-et-Loire",
      "region": "Bourgogne-Franche-Comté",
      "taux": 0.0135,
      "montant_moyen": 640,
      "base_locative": 27000,
      "territoire": "rural",
      "prix_m2": 2300
    },
    "72": {
      "code": "72",
      "nom": "Sarthe",
      "region": "Pays de la Loire",
      "taux": 0.0138,
      "montant_moyen": 640,
      "base_locative": 27000,
      "territoire": "mixte",
      "prix_m2": 2700
    },
    "73": {
      "code": "73",
      "nom": "Savoie",
      "region": "Auvergne-Rhône-Alpes",
      "taux": 0.0132,
      "montant_moyen": 720,
      "base_locative": 32000,
      "territoire": "urbain",
      "prix_m2": 4800
    },
    "74": {
      "code": "74",
      "nom": "Haute-Savoie",
      "region": "Auvergne-Rhône-Alpes",
      "taux": 0.0135,
      "montant_moyen": 850,
      "base_locative": 36000,
      "territoire": "urbain",
      "prix_m2": 5500
    },
    "75": {
      "code": "75",
      "nom": "Paris",
      "region": "Île-de-France",
      "taux": 0.0135,
      "montant_moyen": 850,
      "base_locative": 35000,
      "territoire": "urbain",
      "prix_m2": 8500
    },
    "76": {
      "code": "76",
      "nom": "Seine-Maritime",
      "region": "Normandie",
      "taux": 0.0138,
      "montant_moyen": 680,
      "base_locative": 28000,
      "territoire": "urbain",
      "prix_m2": 3000
    },
    "77": {
      "code": "77",
      "nom": "Seine-et-Marne",
      "region": "Île-de-France",
      "taux": 0.014,
      "montant_moyen": 820,
      "base_locative": 34000,
      "territoire": "urbain",
      "prix_m2": 5200
    },
    "78": {
      "code": "78",
      "nom": "Yvelines",
      "region": "Île-de-France",
      "taux": 0.0142,
      "montant_moyen": 880,
      "base_locative": 36000,
      "territoire": "urbain",
      "prix_m2": 5800
    },
    "79": {
      "code": "79",
      "nom": "Deux-Sèvres",
      "region": "Nouvelle-Aquitaine",
      "taux": 0.0135,
      "montant_moyen": 600,
      "base_locative": 26000,
      "territoire": "rural",
      "prix_m2": 2300
    },
    "80": {
      "code": "80",
      "nom": "Somme",
      "region": "Hauts-de-France",
      "taux": 0.014,
      "montant_moyen": 640,
      "base_locative": 27000,
      "territoire": "rural",
      "prix_m2": 2400
    },
    "81": {
      "code": "81",
      "nom": "Tarn",
      "region": "Occitanie",
      "taux": 0.0138,
      "montant_moyen": 680,
      "base_locative": 28000,
      "territoire": "mixte",
      "prix_m2": 2600
    },
    "82": {
      "code": "82",
      "nom": "Tarn-et-Garonne",
      "region": "Occitanie",
      "taux": 0.014,
      "montant_moyen": 680,
      "base_locative": 28000,
      "territoire": "mixte",
      "prix_m2": 2800
    },
    "83": {
      "code": "83",
      "nom": "Var",
      "region": "Provence-Alpes-Côte d'Azur",
      "taux": 0.0145,
      "montant_moyen": 900,
      "base_locative": 34000,
      "territoire": "urbain",
      "prix_m2": 4800
    },
    "84": {
      "code": "84",
      "nom": "Vaucluse",
      "region": "Provence-Alpes-Côte d'Azur",
      "taux": 0.0142,
      "montant_moyen": 800,
      "base_locative": 31000,
      "territoire": "urbain",
      "prix_m2": 3800
    },
    "85": {
      "code": "85",
      "nom": "Vendée",
      "region": "Pays de la Loire",
      "taux": 0.0138,
      "montant_moyen": 720,
      "base_locative": 29000,
      "territoire": "mixte",
      "prix_m2": 3400
    },
    "86": {
      "code": "86",
      "nom": "Vienne",
      "region": "Nouvelle-Aquitaine",
      "taux": 0.0135,
      "montant_moyen": 600,
      "base_locative": 26000,
      "territoire": "mixte",
      "prix_m2": 2400
    },
    "87": {
      "code": "87",
      "nom": "Haute-Vienne",
      "region": "Nouvelle-Aquitaine",
      "taux": 0.0132,
      "montant_moyen": 560,
      "base_locative": 25000,
      "territoire": "rural",
      "prix_m2": 2000
    },
    "88": {
      "code": "88",
      "nom": "Vosges",
      "region": "Grand Est",
      "taux": 0.013,
      "montant_moyen": 600,
      "base_locative": 27000,
      "territoire": "rural",
      "prix_m2": 2200
    },
    "89": {
      "code": "89",
      "nom": "Yonne",
      "region": "Bourgogne-Franche-Comté",
      "taux": 0.0132,
      "montant_moyen": 580,
      "base_locative": 26000,
      "territoire": "rural",
      "prix_m2": 2100
    },
    "90": {
      "code": "90",
      "nom": "Territoire de Belfort",
      "region": "Bourgogne-Franche-Comté",
      "taux": 0.013,
      "montant_moyen": 600,
      "base_locative": 27000,
      "territoire": "urbain",
      "prix_m2": 2600
    },
    "91": {
      "code": "91",
      "nom": "Essonne",
      "region": "Île-de-France",
      "taux": 0.0138,
      "montant_moyen": 800,
      "base_locative": 33000,
      "territoire": "urbain",
      "prix_m2": 4800
    },
    "92": {
      "code": "92",
      "nom": "Hauts-de-Seine",
      "region": "Île-de-France",
      "taux": 0.0148,
      "montant_moyen": 920,
      "base_locative": 36000,
      "territoire": "urbain",
      "prix_m2": 6800
    },
    "93": {
      "code": "93",
      "nom": "Seine-Saint-Denis",
      "region": "Île-de-France",
      "taux": 0.0145,
      "montant_moyen": 880,
      "base_locative": 34000,
      "territoire": "urbain",
      "prix_m2": 5200
    },
    "94": {
      "code": "94",
      "nom": "Val-de-Marne",
      "region": "Île-de-France",
      "taux": 0.0145,
      "montant_moyen": 880,
      "base_locative": 34000,
      "territoire": "urbain",
      "prix_m2": 5400
    },
    "95": {
      "code": "95",
      "nom": "Val-d'Oise",
      "region": "Île-de-France",
      "taux": 0.0138,
      "montant_moyen": 800,
      "base_locative": 33000,
      "territoire": "urbain",
      "prix_m2": 4800
    },
    "971": {
      "code": "971",
      "nom": "Guadeloupe",
      "region": "Guadeloupe",
      "taux": 0.0155,
      "montant_moyen": 480,
      "base_locative": 18000,
      "territoire": "urbain",
      "prix_m2": 2800
    },
    "972": {
      "code": "972",
      "nom": "Martinique",
      "region": "Martinique",
      "taux": 0.0155,
      "montant_moyen": 500,
      "base_locative": 18500,
      "territoire": "urbain",
      "prix_m2": 2900
    },
    "973": {
      "code": "973",
      "nom": "Guyane",
      "region": "Guyane",
      "taux": 0.0155,
      "montant_moyen": 420,
      "base_locative": 16000,
      "territoire": "urbain",
      "prix_m2": 2400
    },
    "974": {
      "code": "974",
      "nom": "La Réunion",
      "region": "La Réunion",
      "taux": 0.0155,
      "montant_moyen": 520,
      "base_locative": 18000,
      "territoire": "urbain",
      "prix_m2": 3200
    },
    "975": {
      "code": "975",
      "nom": "Saint-Pierre-et-Miquelon",
      "region": "Saint-Pierre-et-Miquelon",
      "taux": 0.0145,
      "montant_moyen": 280,
      "base_locative": 12000,
      "territoire": "rural",
      "prix_m2": 1800
    },
    "976": {
      "code": "976",
      "nom": "Mayotte",
      "region": "Mayotte",
      "taux": 0.016,
      "montant_moyen": 350,
      "base_locative": 14000,
      "territoire": "urbain",
      "prix_m2": 2000
    },
    "2A": {
      "code": "2A",
      "nom": "Corse-du-Sud",
      "region": "Corse",
      "taux": 0.0125,
      "montant_moyen": 620,
      "base_locative": 28000,
      "territoire": "urbain",
      "prix_m2": 4000
    },
    "2B": {
      "code": "2B",
      "nom": "Haute-Corse",
      "region": "Corse",
      "taux": 0.0125,
      "montant_moyen": 600,
      "base_locative": 27000,
      "territoire": "urbain",
      "prix_m2": 3800
    }
  }
}
